,qid,docid,docno,rank,score,query
0,1,843,844,0,1.2728940796057535,adidas
1,1,902,903,1,1.2728940796057535,adidas
2,1,16,17,2,1.2721594782494472,adidas
3,1,255,256,3,1.2721594782494472,adidas
4,1,290,291,4,1.2721594782494472,adidas
5,1,510,511,5,1.2721594782494472,adidas
6,1,844,845,6,1.2721594782494472,adidas
7,1,864,865,7,1.2721594782494472,adidas
8,1,865,866,8,1.2721594782494472,adidas
9,1,872,873,9,1.2721594782494472,adidas
10,1,1198,1199,10,1.2721594782494472,adidas
11,1,1342,1343,11,1.2721594782494472,adidas
12,1,866,867,12,1.265422589618861,adidas
13,1,1442,1443,13,1.2521672602818763,adidas
14,1,1915,1916,14,1.1439026272676627,adidas
15,1,1934,1935,15,1.1439026272676627,adidas
16,1,2200,2201,16,1.1439026272676627,adidas
17,1,2373,2374,17,1.1439026272676627,adidas
18,1,2392,2393,18,1.1439026272676627,adidas
19,1,2438,2439,19,1.1439026272676627,adidas
20,1,2290,2291,20,1.1186355898844418,adidas
21,1,2382,2383,21,1.1186355898844418,adidas
22,1,1528,1529,22,1.0930167148541685,adidas
23,1,2226,2227,23,1.0930167148541685,adidas
24,1,2423,2424,24,1.0930167148541685,adidas
25,1,1188,1189,25,1.069593133502212,adidas
26,1,1928,1929,26,1.0672387867383344,adidas
27,1,2201,2202,27,1.0672387867383344,adidas
28,1,2225,2226,28,1.0672387867383344,adidas
29,1,2384,2385,29,1.0672387867383344,adidas
30,1,2413,2414,30,1.0672387867383344,adidas
31,1,2425,2426,31,1.0672387867383344,adidas
32,1,3,4,32,1.0573555574933617,adidas
33,1,23,24,33,1.0573555574933617,adidas
34,1,140,141,34,1.0573555574933617,adidas
35,1,180,181,35,1.0573555574933617,adidas
36,1,200,201,36,1.0573555574933617,adidas
37,1,232,233,37,1.0573555574933617,adidas
38,1,265,266,38,1.0573555574933617,adidas
39,1,270,271,39,1.0573555574933617,adidas
40,1,273,274,40,1.0573555574933617,adidas
41,1,323,324,41,1.0573555574933617,adidas
42,1,402,403,42,1.0573555574933617,adidas
43,1,405,406,43,1.0573555574933617,adidas
44,1,500,501,44,1.0573555574933617,adidas
45,1,542,543,45,1.0573555574933617,adidas
46,1,543,544,46,1.0573555574933617,adidas
47,1,549,550,47,1.0573555574933617,adidas
48,1,564,565,48,1.0573555574933617,adidas
49,1,593,594,49,1.0573555574933617,adidas
50,1,639,640,50,1.0573555574933617,adidas
51,1,725,726,51,1.0573555574933617,adidas
52,1,747,748,52,1.0573555574933617,adidas
53,1,765,766,53,1.0573555574933617,adidas
54,1,777,778,54,1.0573555574933617,adidas
55,1,800,801,55,1.0573555574933617,adidas
56,1,811,812,56,1.0573555574933617,adidas
57,1,825,826,57,1.0573555574933617,adidas
58,1,826,827,58,1.0573555574933617,adidas
59,1,836,837,59,1.0573555574933617,adidas
60,1,838,839,60,1.0573555574933617,adidas
61,1,928,929,61,1.0573555574933617,adidas
62,1,1106,1107,62,1.0573555574933617,adidas
63,1,1155,1156,63,1.0573555574933617,adidas
64,1,1264,1265,64,1.0573555574933617,adidas
65,1,1272,1273,65,1.0573555574933617,adidas
66,1,1312,1313,66,1.0573555574933617,adidas
67,1,1392,1393,67,1.0573555574933617,adidas
68,1,1439,1440,68,1.0573555574933617,adidas
69,1,1460,1461,69,1.0573555574933617,adidas
70,1,1471,1472,70,1.0573555574933617,adidas
71,1,1876,1877,71,1.0414470502377755,adidas
72,1,2375,2376,72,1.0414470502377755,adidas
73,1,10,11,73,1.0338178442852193,adidas
74,1,15,16,74,1.0338178442852193,adidas
75,1,25,26,75,1.0338178442852193,adidas
76,1,34,35,76,1.0338178442852193,adidas
77,1,43,44,77,1.0338178442852193,adidas
78,1,46,47,78,1.0338178442852193,adidas
79,1,55,56,79,1.0338178442852193,adidas
80,1,61,62,80,1.0338178442852193,adidas
81,1,68,69,81,1.0338178442852193,adidas
82,1,83,84,82,1.0338178442852193,adidas
83,1,108,109,83,1.0338178442852193,adidas
84,1,112,113,84,1.0338178442852193,adidas
85,1,113,114,85,1.0338178442852193,adidas
86,1,120,121,86,1.0338178442852193,adidas
87,1,134,135,87,1.0338178442852193,adidas
88,1,137,138,88,1.0338178442852193,adidas
89,1,143,144,89,1.0338178442852193,adidas
90,1,148,149,90,1.0338178442852193,adidas
91,1,154,155,91,1.0338178442852193,adidas
92,1,158,159,92,1.0338178442852193,adidas
93,1,181,182,93,1.0338178442852193,adidas
94,1,182,183,94,1.0338178442852193,adidas
95,1,186,187,95,1.0338178442852193,adidas
96,1,205,206,96,1.0338178442852193,adidas
97,1,206,207,97,1.0338178442852193,adidas
98,1,223,224,98,1.0338178442852193,adidas
99,1,230,231,99,1.0338178442852193,adidas
100,1,240,241,100,1.0338178442852193,adidas
101,1,256,257,101,1.0338178442852193,adidas
102,1,257,258,102,1.0338178442852193,adidas
103,1,262,263,103,1.0338178442852193,adidas
104,1,274,275,104,1.0338178442852193,adidas
105,1,275,276,105,1.0338178442852193,adidas
106,1,285,286,106,1.0338178442852193,adidas
107,1,286,287,107,1.0338178442852193,adidas
108,1,313,314,108,1.0338178442852193,adidas
109,1,338,339,109,1.0338178442852193,adidas
110,1,345,346,110,1.0338178442852193,adidas
111,1,353,354,111,1.0338178442852193,adidas
112,1,354,355,112,1.0338178442852193,adidas
113,1,358,359,113,1.0338178442852193,adidas
114,1,363,364,114,1.0338178442852193,adidas
115,1,383,384,115,1.0338178442852193,adidas
116,1,390,391,116,1.0338178442852193,adidas
117,1,394,395,117,1.0338178442852193,adidas
118,1,396,397,118,1.0338178442852193,adidas
119,1,400,401,119,1.0338178442852193,adidas
120,1,424,425,120,1.0338178442852193,adidas
121,1,437,438,121,1.0338178442852193,adidas
122,1,440,441,122,1.0338178442852193,adidas
123,1,467,468,123,1.0338178442852193,adidas
124,1,483,484,124,1.0338178442852193,adidas
125,1,488,489,125,1.0338178442852193,adidas
126,1,491,492,126,1.0338178442852193,adidas
127,1,496,497,127,1.0338178442852193,adidas
128,1,505,506,128,1.0338178442852193,adidas
129,1,514,515,129,1.0338178442852193,adidas
130,1,529,530,130,1.0338178442852193,adidas
131,1,552,553,131,1.0338178442852193,adidas
132,1,558,559,132,1.0338178442852193,adidas
133,1,568,569,133,1.0338178442852193,adidas
134,1,582,583,134,1.0338178442852193,adidas
135,1,584,585,135,1.0338178442852193,adidas
136,1,585,586,136,1.0338178442852193,adidas
137,1,590,591,137,1.0338178442852193,adidas
138,1,596,597,138,1.0338178442852193,adidas
139,1,602,603,139,1.0338178442852193,adidas
140,1,603,604,140,1.0338178442852193,adidas
141,1,605,606,141,1.0338178442852193,adidas
142,1,616,617,142,1.0338178442852193,adidas
143,1,629,630,143,1.0338178442852193,adidas
144,1,633,634,144,1.0338178442852193,adidas
145,1,642,643,145,1.0338178442852193,adidas
146,1,651,652,146,1.0338178442852193,adidas
147,1,654,655,147,1.0338178442852193,adidas
148,1,658,659,148,1.0338178442852193,adidas
149,1,659,660,149,1.0338178442852193,adidas
150,1,690,691,150,1.0338178442852193,adidas
151,1,701,702,151,1.0338178442852193,adidas
152,1,710,711,152,1.0338178442852193,adidas
153,1,736,737,153,1.0338178442852193,adidas
154,1,748,749,154,1.0338178442852193,adidas
155,1,799,800,155,1.0338178442852193,adidas
156,1,830,831,156,1.0338178442852193,adidas
157,1,834,835,157,1.0338178442852193,adidas
158,1,846,847,158,1.0338178442852193,adidas
159,1,877,878,159,1.0338178442852193,adidas
160,1,891,892,160,1.0338178442852193,adidas
161,1,905,906,161,1.0338178442852193,adidas
162,1,911,912,162,1.0338178442852193,adidas
163,1,922,923,163,1.0338178442852193,adidas
164,1,924,925,164,1.0338178442852193,adidas
165,1,925,926,165,1.0338178442852193,adidas
166,1,926,927,166,1.0338178442852193,adidas
167,1,927,928,167,1.0338178442852193,adidas
168,1,929,930,168,1.0338178442852193,adidas
169,1,930,931,169,1.0338178442852193,adidas
170,1,931,932,170,1.0338178442852193,adidas
171,1,932,933,171,1.0338178442852193,adidas
172,1,933,934,172,1.0338178442852193,adidas
173,1,935,936,173,1.0338178442852193,adidas
174,1,980,981,174,1.0338178442852193,adidas
175,1,990,991,175,1.0338178442852193,adidas
176,1,991,992,176,1.0338178442852193,adidas
177,1,992,993,177,1.0338178442852193,adidas
178,1,1012,1013,178,1.0338178442852193,adidas
179,1,1013,1014,179,1.0338178442852193,adidas
180,1,1018,1019,180,1.0338178442852193,adidas
181,1,1020,1021,181,1.0338178442852193,adidas
182,1,1023,1024,182,1.0338178442852193,adidas
183,1,1025,1026,183,1.0338178442852193,adidas
184,1,1031,1032,184,1.0338178442852193,adidas
185,1,1037,1038,185,1.0338178442852193,adidas
186,1,1039,1040,186,1.0338178442852193,adidas
187,1,1044,1045,187,1.0338178442852193,adidas
188,1,1048,1049,188,1.0338178442852193,adidas
189,1,1057,1058,189,1.0338178442852193,adidas
190,1,1104,1105,190,1.0338178442852193,adidas
191,1,1113,1114,191,1.0338178442852193,adidas
192,1,1126,1127,192,1.0338178442852193,adidas
193,1,1132,1133,193,1.0338178442852193,adidas
194,1,1147,1148,194,1.0338178442852193,adidas
195,1,1159,1160,195,1.0338178442852193,adidas
196,1,1162,1163,196,1.0338178442852193,adidas
197,1,1178,1179,197,1.0338178442852193,adidas
198,1,1181,1182,198,1.0338178442852193,adidas
199,1,1193,1194,199,1.0338178442852193,adidas
200,1,1203,1204,200,1.0338178442852193,adidas
201,1,1204,1205,201,1.0338178442852193,adidas
202,1,1210,1211,202,1.0338178442852193,adidas
203,1,1215,1216,203,1.0338178442852193,adidas
204,1,1216,1217,204,1.0338178442852193,adidas
205,1,1220,1221,205,1.0338178442852193,adidas
206,1,1231,1232,206,1.0338178442852193,adidas
207,1,1242,1243,207,1.0338178442852193,adidas
208,1,1256,1257,208,1.0338178442852193,adidas
209,1,1259,1260,209,1.0338178442852193,adidas
210,1,1265,1266,210,1.0338178442852193,adidas
211,1,1268,1269,211,1.0338178442852193,adidas
212,1,1271,1272,212,1.0338178442852193,adidas
213,1,1276,1277,213,1.0338178442852193,adidas
214,1,1280,1281,214,1.0338178442852193,adidas
215,1,1296,1297,215,1.0338178442852193,adidas
216,1,1297,1298,216,1.0338178442852193,adidas
217,1,1300,1301,217,1.0338178442852193,adidas
218,1,1303,1304,218,1.0338178442852193,adidas
219,1,1316,1317,219,1.0338178442852193,adidas
220,1,1319,1320,220,1.0338178442852193,adidas
221,1,1331,1332,221,1.0338178442852193,adidas
222,1,1335,1336,222,1.0338178442852193,adidas
223,1,1345,1346,223,1.0338178442852193,adidas
224,1,1353,1354,224,1.0338178442852193,adidas
225,1,1377,1378,225,1.0338178442852193,adidas
226,1,1379,1380,226,1.0338178442852193,adidas
227,1,1381,1382,227,1.0338178442852193,adidas
228,1,1389,1390,228,1.0338178442852193,adidas
229,1,1390,1391,229,1.0338178442852193,adidas
230,1,1391,1392,230,1.0338178442852193,adidas
231,1,1398,1399,231,1.0338178442852193,adidas
232,1,1400,1401,232,1.0338178442852193,adidas
233,1,1405,1406,233,1.0338178442852193,adidas
234,1,1416,1417,234,1.0338178442852193,adidas
235,1,1431,1432,235,1.0338178442852193,adidas
236,1,1436,1437,236,1.0338178442852193,adidas
237,1,1444,1445,237,1.0338178442852193,adidas
238,1,1466,1467,238,1.0338178442852193,adidas
239,1,1473,1474,239,1.0338178442852193,adidas
240,1,8,9,240,1.004254983095686,adidas
241,1,14,15,241,1.004254983095686,adidas
242,1,17,18,242,1.004254983095686,adidas
243,1,22,23,243,1.004254983095686,adidas
244,1,24,25,244,1.004254983095686,adidas
245,1,29,30,245,1.004254983095686,adidas
246,1,33,34,246,1.004254983095686,adidas
247,1,49,50,247,1.004254983095686,adidas
248,1,52,53,248,1.004254983095686,adidas
249,1,53,54,249,1.004254983095686,adidas
250,1,54,55,250,1.004254983095686,adidas
251,1,57,58,251,1.004254983095686,adidas
252,1,58,59,252,1.004254983095686,adidas
253,1,62,63,253,1.004254983095686,adidas
254,1,67,68,254,1.004254983095686,adidas
255,1,73,74,255,1.004254983095686,adidas
256,1,77,78,256,1.004254983095686,adidas
257,1,82,83,257,1.004254983095686,adidas
258,1,87,88,258,1.004254983095686,adidas
259,1,103,104,259,1.004254983095686,adidas
260,1,104,105,260,1.004254983095686,adidas
261,1,105,106,261,1.004254983095686,adidas
262,1,106,107,262,1.004254983095686,adidas
263,1,118,119,263,1.004254983095686,adidas
264,1,123,124,264,1.004254983095686,adidas
265,1,139,140,265,1.004254983095686,adidas
266,1,153,154,266,1.004254983095686,adidas
267,1,161,162,267,1.004254983095686,adidas
268,1,170,171,268,1.004254983095686,adidas
269,1,172,173,269,1.004254983095686,adidas
270,1,173,174,270,1.004254983095686,adidas
271,1,177,178,271,1.004254983095686,adidas
272,1,185,186,272,1.004254983095686,adidas
273,1,187,188,273,1.004254983095686,adidas
274,1,192,193,274,1.004254983095686,adidas
275,1,194,195,275,1.004254983095686,adidas
276,1,202,203,276,1.004254983095686,adidas
277,1,203,204,277,1.004254983095686,adidas
278,1,209,210,278,1.004254983095686,adidas
279,1,221,222,279,1.004254983095686,adidas
280,1,222,223,280,1.004254983095686,adidas
281,1,226,227,281,1.004254983095686,adidas
282,1,231,232,282,1.004254983095686,adidas
283,1,234,235,283,1.004254983095686,adidas
284,1,246,247,284,1.004254983095686,adidas
285,1,247,248,285,1.004254983095686,adidas
286,1,251,252,286,1.004254983095686,adidas
287,1,269,270,287,1.004254983095686,adidas
288,1,280,281,288,1.004254983095686,adidas
289,1,282,283,289,1.004254983095686,adidas
290,1,294,295,290,1.004254983095686,adidas
291,1,295,296,291,1.004254983095686,adidas
292,1,301,302,292,1.004254983095686,adidas
293,1,303,304,293,1.004254983095686,adidas
294,1,307,308,294,1.004254983095686,adidas
295,1,310,311,295,1.004254983095686,adidas
296,1,321,322,296,1.004254983095686,adidas
297,1,332,333,297,1.004254983095686,adidas
298,1,337,338,298,1.004254983095686,adidas
299,1,340,341,299,1.004254983095686,adidas
300,1,346,347,300,1.004254983095686,adidas
301,1,347,348,301,1.004254983095686,adidas
302,1,367,368,302,1.004254983095686,adidas
303,1,370,371,303,1.004254983095686,adidas
304,1,371,372,304,1.004254983095686,adidas
305,1,379,380,305,1.004254983095686,adidas
306,1,386,387,306,1.004254983095686,adidas
307,1,389,390,307,1.004254983095686,adidas
308,1,391,392,308,1.004254983095686,adidas
309,1,393,394,309,1.004254983095686,adidas
310,1,403,404,310,1.004254983095686,adidas
311,1,409,410,311,1.004254983095686,adidas
312,1,411,412,312,1.004254983095686,adidas
313,1,412,413,313,1.004254983095686,adidas
314,1,415,416,314,1.004254983095686,adidas
315,1,426,427,315,1.004254983095686,adidas
316,1,427,428,316,1.004254983095686,adidas
317,1,429,430,317,1.004254983095686,adidas
318,1,432,433,318,1.004254983095686,adidas
319,1,436,437,319,1.004254983095686,adidas
320,1,438,439,320,1.004254983095686,adidas
321,1,439,440,321,1.004254983095686,adidas
322,1,446,447,322,1.004254983095686,adidas
323,1,452,453,323,1.004254983095686,adidas
324,1,453,454,324,1.004254983095686,adidas
325,1,461,462,325,1.004254983095686,adidas
326,1,462,463,326,1.004254983095686,adidas
327,1,466,467,327,1.004254983095686,adidas
328,1,471,472,328,1.004254983095686,adidas
329,1,476,477,329,1.004254983095686,adidas
330,1,477,478,330,1.004254983095686,adidas
331,1,479,480,331,1.004254983095686,adidas
332,1,481,482,332,1.004254983095686,adidas
333,1,482,483,333,1.004254983095686,adidas
334,1,484,485,334,1.004254983095686,adidas
335,1,487,488,335,1.004254983095686,adidas
336,1,493,494,336,1.004254983095686,adidas
337,1,495,496,337,1.004254983095686,adidas
338,1,504,505,338,1.004254983095686,adidas
339,1,508,509,339,1.004254983095686,adidas
340,1,509,510,340,1.004254983095686,adidas
341,1,519,520,341,1.004254983095686,adidas
342,1,520,521,342,1.004254983095686,adidas
343,1,526,527,343,1.004254983095686,adidas
344,1,533,534,344,1.004254983095686,adidas
345,1,535,536,345,1.004254983095686,adidas
346,1,536,537,346,1.004254983095686,adidas
347,1,537,538,347,1.004254983095686,adidas
348,1,539,540,348,1.004254983095686,adidas
349,1,540,541,349,1.004254983095686,adidas
350,1,544,545,350,1.004254983095686,adidas
351,1,548,549,351,1.004254983095686,adidas
352,1,551,552,352,1.004254983095686,adidas
353,1,556,557,353,1.004254983095686,adidas
354,1,557,558,354,1.004254983095686,adidas
355,1,559,560,355,1.004254983095686,adidas
356,1,560,561,356,1.004254983095686,adidas
357,1,561,562,357,1.004254983095686,adidas
358,1,562,563,358,1.004254983095686,adidas
359,1,569,570,359,1.004254983095686,adidas
360,1,572,573,360,1.004254983095686,adidas
361,1,573,574,361,1.004254983095686,adidas
362,1,575,576,362,1.004254983095686,adidas
363,1,578,579,363,1.004254983095686,adidas
364,1,580,581,364,1.004254983095686,adidas
365,1,581,582,365,1.004254983095686,adidas
366,1,583,584,366,1.004254983095686,adidas
367,1,595,596,367,1.004254983095686,adidas
368,1,604,605,368,1.004254983095686,adidas
369,1,609,610,369,1.004254983095686,adidas
370,1,615,616,370,1.004254983095686,adidas
371,1,617,618,371,1.004254983095686,adidas
372,1,618,619,372,1.004254983095686,adidas
373,1,619,620,373,1.004254983095686,adidas
374,1,620,621,374,1.004254983095686,adidas
375,1,622,623,375,1.004254983095686,adidas
376,1,626,627,376,1.004254983095686,adidas
377,1,628,629,377,1.004254983095686,adidas
378,1,631,632,378,1.004254983095686,adidas
379,1,632,633,379,1.004254983095686,adidas
380,1,634,635,380,1.004254983095686,adidas
381,1,635,636,381,1.004254983095686,adidas
382,1,643,644,382,1.004254983095686,adidas
383,1,644,645,383,1.004254983095686,adidas
384,1,645,646,384,1.004254983095686,adidas
385,1,649,650,385,1.004254983095686,adidas
386,1,652,653,386,1.004254983095686,adidas
387,1,663,664,387,1.004254983095686,adidas
388,1,664,665,388,1.004254983095686,adidas
389,1,666,667,389,1.004254983095686,adidas
390,1,668,669,390,1.004254983095686,adidas
391,1,674,675,391,1.004254983095686,adidas
392,1,675,676,392,1.004254983095686,adidas
393,1,677,678,393,1.004254983095686,adidas
394,1,679,680,394,1.004254983095686,adidas
395,1,684,685,395,1.004254983095686,adidas
396,1,686,687,396,1.004254983095686,adidas
397,1,691,692,397,1.004254983095686,adidas
398,1,696,697,398,1.004254983095686,adidas
399,1,697,698,399,1.004254983095686,adidas
400,1,703,704,400,1.004254983095686,adidas
401,1,705,706,401,1.004254983095686,adidas
402,1,713,714,402,1.004254983095686,adidas
403,1,719,720,403,1.004254983095686,adidas
404,1,721,722,404,1.004254983095686,adidas
405,1,724,725,405,1.004254983095686,adidas
406,1,729,730,406,1.004254983095686,adidas
407,1,730,731,407,1.004254983095686,adidas
408,1,732,733,408,1.004254983095686,adidas
409,1,734,735,409,1.004254983095686,adidas
410,1,752,753,410,1.004254983095686,adidas
411,1,753,754,411,1.004254983095686,adidas
412,1,754,755,412,1.004254983095686,adidas
413,1,760,761,413,1.004254983095686,adidas
414,1,761,762,414,1.004254983095686,adidas
415,1,767,768,415,1.004254983095686,adidas
416,1,784,785,416,1.004254983095686,adidas
417,1,789,790,417,1.004254983095686,adidas
418,1,807,808,418,1.004254983095686,adidas
419,1,812,813,419,1.004254983095686,adidas
420,1,819,820,420,1.004254983095686,adidas
421,1,823,824,421,1.004254983095686,adidas
422,1,832,833,422,1.004254983095686,adidas
423,1,833,834,423,1.004254983095686,adidas
424,1,835,836,424,1.004254983095686,adidas
425,1,837,838,425,1.004254983095686,adidas
426,1,839,840,426,1.004254983095686,adidas
427,1,858,859,427,1.004254983095686,adidas
428,1,868,869,428,1.004254983095686,adidas
429,1,873,874,429,1.004254983095686,adidas
430,1,879,880,430,1.004254983095686,adidas
431,1,882,883,431,1.004254983095686,adidas
432,1,883,884,432,1.004254983095686,adidas
433,1,886,887,433,1.004254983095686,adidas
434,1,889,890,434,1.004254983095686,adidas
435,1,893,894,435,1.004254983095686,adidas
436,1,895,896,436,1.004254983095686,adidas
437,1,897,898,437,1.004254983095686,adidas
438,1,903,904,438,1.004254983095686,adidas
439,1,904,905,439,1.004254983095686,adidas
440,1,914,915,440,1.004254983095686,adidas
441,1,920,921,441,1.004254983095686,adidas
442,1,923,924,442,1.004254983095686,adidas
443,1,934,935,443,1.004254983095686,adidas
444,1,936,937,444,1.004254983095686,adidas
445,1,937,938,445,1.004254983095686,adidas
446,1,938,939,446,1.004254983095686,adidas
447,1,944,945,447,1.004254983095686,adidas
448,1,948,949,448,1.004254983095686,adidas
449,1,951,952,449,1.004254983095686,adidas
450,1,955,956,450,1.004254983095686,adidas
451,1,956,957,451,1.004254983095686,adidas
452,1,962,963,452,1.004254983095686,adidas
453,1,968,969,453,1.004254983095686,adidas
454,1,971,972,454,1.004254983095686,adidas
455,1,977,978,455,1.004254983095686,adidas
456,1,983,984,456,1.004254983095686,adidas
457,1,989,990,457,1.004254983095686,adidas
458,1,993,994,458,1.004254983095686,adidas
459,1,994,995,459,1.004254983095686,adidas
460,1,996,997,460,1.004254983095686,adidas
461,1,997,998,461,1.004254983095686,adidas
462,1,999,1000,462,1.004254983095686,adidas
463,1,1000,1001,463,1.004254983095686,adidas
464,1,1004,1005,464,1.004254983095686,adidas
465,1,1009,1010,465,1.004254983095686,adidas
466,1,1010,1011,466,1.004254983095686,adidas
467,1,1015,1016,467,1.004254983095686,adidas
468,1,1019,1020,468,1.004254983095686,adidas
469,1,1021,1022,469,1.004254983095686,adidas
470,1,1024,1025,470,1.004254983095686,adidas
471,1,1026,1027,471,1.004254983095686,adidas
472,1,1027,1028,472,1.004254983095686,adidas
473,1,1034,1035,473,1.004254983095686,adidas
474,1,1038,1039,474,1.004254983095686,adidas
475,1,1045,1046,475,1.004254983095686,adidas
476,1,1046,1047,476,1.004254983095686,adidas
477,1,1051,1052,477,1.004254983095686,adidas
478,1,1056,1057,478,1.004254983095686,adidas
479,1,1058,1059,479,1.004254983095686,adidas
480,1,1062,1063,480,1.004254983095686,adidas
481,1,1063,1064,481,1.004254983095686,adidas
482,1,1064,1065,482,1.004254983095686,adidas
483,1,1065,1066,483,1.004254983095686,adidas
484,1,1067,1068,484,1.004254983095686,adidas
485,1,1068,1069,485,1.004254983095686,adidas
486,1,1070,1071,486,1.004254983095686,adidas
487,1,1075,1076,487,1.004254983095686,adidas
488,1,1078,1079,488,1.004254983095686,adidas
489,1,1082,1083,489,1.004254983095686,adidas
490,1,1100,1101,490,1.004254983095686,adidas
491,1,1108,1109,491,1.004254983095686,adidas
492,1,1110,1111,492,1.004254983095686,adidas
493,1,1114,1115,493,1.004254983095686,adidas
494,1,1121,1122,494,1.004254983095686,adidas
495,1,1130,1131,495,1.004254983095686,adidas
496,1,1131,1132,496,1.004254983095686,adidas
497,1,1135,1136,497,1.004254983095686,adidas
498,1,1138,1139,498,1.004254983095686,adidas
499,1,1142,1143,499,1.004254983095686,adidas
500,1,1144,1145,500,1.004254983095686,adidas
501,1,1149,1150,501,1.004254983095686,adidas
502,1,1151,1152,502,1.004254983095686,adidas
503,1,1153,1154,503,1.004254983095686,adidas
504,1,1156,1157,504,1.004254983095686,adidas
505,1,1157,1158,505,1.004254983095686,adidas
506,1,1158,1159,506,1.004254983095686,adidas
507,1,1165,1166,507,1.004254983095686,adidas
508,1,1172,1173,508,1.004254983095686,adidas
509,1,1174,1175,509,1.004254983095686,adidas
510,1,1179,1180,510,1.004254983095686,adidas
511,1,1182,1183,511,1.004254983095686,adidas
512,1,1187,1188,512,1.004254983095686,adidas
513,1,1189,1190,513,1.004254983095686,adidas
514,1,1190,1191,514,1.004254983095686,adidas
515,1,1199,1200,515,1.004254983095686,adidas
516,1,1206,1207,516,1.004254983095686,adidas
517,1,1214,1215,517,1.004254983095686,adidas
518,1,1218,1219,518,1.004254983095686,adidas
519,1,1222,1223,519,1.004254983095686,adidas
520,1,1226,1227,520,1.004254983095686,adidas
521,1,1229,1230,521,1.004254983095686,adidas
522,1,1236,1237,522,1.004254983095686,adidas
523,1,1237,1238,523,1.004254983095686,adidas
524,1,1238,1239,524,1.004254983095686,adidas
525,1,1240,1241,525,1.004254983095686,adidas
526,1,1244,1245,526,1.004254983095686,adidas
527,1,1245,1246,527,1.004254983095686,adidas
528,1,1247,1248,528,1.004254983095686,adidas
529,1,1249,1250,529,1.004254983095686,adidas
530,1,1250,1251,530,1.004254983095686,adidas
531,1,1252,1253,531,1.004254983095686,adidas
532,1,1254,1255,532,1.004254983095686,adidas
533,1,1274,1275,533,1.004254983095686,adidas
534,1,1275,1276,534,1.004254983095686,adidas
535,1,1284,1285,535,1.004254983095686,adidas
536,1,1285,1286,536,1.004254983095686,adidas
537,1,1286,1287,537,1.004254983095686,adidas
538,1,1287,1288,538,1.004254983095686,adidas
539,1,1292,1293,539,1.004254983095686,adidas
540,1,1298,1299,540,1.004254983095686,adidas
541,1,1301,1302,541,1.004254983095686,adidas
542,1,1302,1303,542,1.004254983095686,adidas
543,1,1308,1309,543,1.004254983095686,adidas
544,1,1320,1321,544,1.004254983095686,adidas
545,1,1322,1323,545,1.004254983095686,adidas
546,1,1323,1324,546,1.004254983095686,adidas
547,1,1324,1325,547,1.004254983095686,adidas
548,1,1333,1334,548,1.004254983095686,adidas
549,1,1334,1335,549,1.004254983095686,adidas
550,1,1340,1341,550,1.004254983095686,adidas
551,1,1346,1347,551,1.004254983095686,adidas
552,1,1348,1349,552,1.004254983095686,adidas
553,1,1359,1360,553,1.004254983095686,adidas
554,1,1372,1373,554,1.004254983095686,adidas
555,1,1387,1388,555,1.004254983095686,adidas
556,1,1394,1395,556,1.004254983095686,adidas
557,1,1395,1396,557,1.004254983095686,adidas
558,1,1401,1402,558,1.004254983095686,adidas
559,1,1403,1404,559,1.004254983095686,adidas
560,1,1407,1408,560,1.004254983095686,adidas
561,1,1413,1414,561,1.004254983095686,adidas
562,1,1414,1415,562,1.004254983095686,adidas
563,1,1415,1416,563,1.004254983095686,adidas
564,1,1420,1421,564,1.004254983095686,adidas
565,1,1425,1426,565,1.004254983095686,adidas
566,1,1426,1427,566,1.004254983095686,adidas
567,1,1433,1434,567,1.004254983095686,adidas
568,1,1437,1438,568,1.004254983095686,adidas
569,1,1440,1441,569,1.004254983095686,adidas
570,1,1443,1444,570,1.004254983095686,adidas
571,1,1445,1446,571,1.004254983095686,adidas
572,1,1454,1455,572,1.004254983095686,adidas
573,1,1461,1462,573,1.004254983095686,adidas
574,1,1465,1466,574,1.004254983095686,adidas
575,1,1474,1475,575,1.004254983095686,adidas
576,1,2500,2501,576,1.004254983095686,adidas
577,1,2524,2525,577,1.004254983095686,adidas
578,1,2544,2545,578,1.004254983095686,adidas
579,1,2560,2561,579,1.004254983095686,adidas
580,1,2584,2585,580,1.004254983095686,adidas
581,1,2604,2605,581,1.004254983095686,adidas
582,1,2620,2621,582,1.004254983095686,adidas
583,1,2644,2645,583,1.004254983095686,adidas
584,1,2665,2666,584,1.004254983095686,adidas
585,1,2680,2681,585,1.004254983095686,adidas
586,1,2706,2707,586,1.004254983095686,adidas
587,1,2719,2720,587,1.004254983095686,adidas
588,1,2736,2737,588,1.004254983095686,adidas
589,1,2795,2796,589,1.004254983095686,adidas
590,1,2799,2800,590,1.004254983095686,adidas
591,1,2803,2804,591,1.004254983095686,adidas
592,1,2838,2839,592,1.004254983095686,adidas
593,1,2850,2851,593,1.004254983095686,adidas
594,1,2862,2863,594,1.004254983095686,adidas
595,1,2884,2885,595,1.004254983095686,adidas
596,1,2904,2905,596,1.004254983095686,adidas
597,1,2920,2921,597,1.004254983095686,adidas
598,1,2944,2945,598,1.004254983095686,adidas
599,1,2964,2965,599,1.004254983095686,adidas
600,1,2980,2981,600,1.004254983095686,adidas
601,1,3004,3005,601,1.004254983095686,adidas
602,1,3024,3025,602,1.004254983095686,adidas
603,1,3040,3041,603,1.004254983095686,adidas
604,1,3064,3065,604,1.004254983095686,adidas
605,1,3085,3086,605,1.004254983095686,adidas
606,1,3100,3101,606,1.004254983095686,adidas
607,1,3125,3126,607,1.004254983095686,adidas
608,1,3154,3155,608,1.004254983095686,adidas
609,1,3162,3163,609,1.004254983095686,adidas
610,1,3184,3185,610,1.004254983095686,adidas
611,1,3204,3205,611,1.004254983095686,adidas
612,1,3220,3221,612,1.004254983095686,adidas
613,1,3244,3245,613,1.004254983095686,adidas
614,1,3265,3266,614,1.004254983095686,adidas
615,1,3280,3281,615,1.004254983095686,adidas
616,1,3316,3317,616,1.004254983095686,adidas
617,1,3334,3335,617,1.004254983095686,adidas
618,1,3342,3343,618,1.004254983095686,adidas
619,1,3376,3377,619,1.004254983095686,adidas
620,1,3394,3395,620,1.004254983095686,adidas
621,1,3398,3399,621,1.004254983095686,adidas
622,1,3439,3440,622,1.004254983095686,adidas
623,1,3444,3445,623,1.004254983095686,adidas
624,1,3460,3461,624,1.004254983095686,adidas
625,1,3484,3485,625,1.004254983095686,adidas
626,1,3504,3505,626,1.004254983095686,adidas
627,1,2,3,627,0.9715862060383874,adidas
628,1,4,5,628,0.9715862060383874,adidas
629,1,6,7,629,0.9715862060383874,adidas
630,1,7,8,630,0.9715862060383874,adidas
631,1,9,10,631,0.9715862060383874,adidas
632,1,11,12,632,0.9715862060383874,adidas
633,1,13,14,633,0.9715862060383874,adidas
634,1,18,19,634,0.9715862060383874,adidas
635,1,20,21,635,0.9715862060383874,adidas
636,1,26,27,636,0.9715862060383874,adidas
637,1,35,36,637,0.9715862060383874,adidas
638,1,36,37,638,0.9715862060383874,adidas
639,1,38,39,639,0.9715862060383874,adidas
640,1,39,40,640,0.9715862060383874,adidas
641,1,41,42,641,0.9715862060383874,adidas
642,1,42,43,642,0.9715862060383874,adidas
643,1,44,45,643,0.9715862060383874,adidas
644,1,45,46,644,0.9715862060383874,adidas
645,1,51,52,645,0.9715862060383874,adidas
646,1,60,61,646,0.9715862060383874,adidas
647,1,64,65,647,0.9715862060383874,adidas
648,1,65,66,648,0.9715862060383874,adidas
649,1,69,70,649,0.9715862060383874,adidas
650,1,70,71,650,0.9715862060383874,adidas
651,1,71,72,651,0.9715862060383874,adidas
652,1,72,73,652,0.9715862060383874,adidas
653,1,75,76,653,0.9715862060383874,adidas
654,1,76,77,654,0.9715862060383874,adidas
655,1,78,79,655,0.9715862060383874,adidas
656,1,80,81,656,0.9715862060383874,adidas
657,1,86,87,657,0.9715862060383874,adidas
658,1,88,89,658,0.9715862060383874,adidas
659,1,90,91,659,0.9715862060383874,adidas
660,1,92,93,660,0.9715862060383874,adidas
661,1,93,94,661,0.9715862060383874,adidas
662,1,96,97,662,0.9715862060383874,adidas
663,1,98,99,663,0.9715862060383874,adidas
664,1,99,100,664,0.9715862060383874,adidas
665,1,102,103,665,0.9715862060383874,adidas
666,1,109,110,666,0.9715862060383874,adidas
667,1,111,112,667,0.9715862060383874,adidas
668,1,116,117,668,0.9715862060383874,adidas
669,1,119,120,669,0.9715862060383874,adidas
670,1,122,123,670,0.9715862060383874,adidas
671,1,124,125,671,0.9715862060383874,adidas
672,1,125,126,672,0.9715862060383874,adidas
673,1,127,128,673,0.9715862060383874,adidas
674,1,129,130,674,0.9715862060383874,adidas
675,1,144,145,675,0.9715862060383874,adidas
676,1,145,146,676,0.9715862060383874,adidas
677,1,146,147,677,0.9715862060383874,adidas
678,1,147,148,678,0.9715862060383874,adidas
679,1,149,150,679,0.9715862060383874,adidas
680,1,150,151,680,0.9715862060383874,adidas
681,1,151,152,681,0.9715862060383874,adidas
682,1,160,161,682,0.9715862060383874,adidas
683,1,162,163,683,0.9715862060383874,adidas
684,1,163,164,684,0.9715862060383874,adidas
685,1,167,168,685,0.9715862060383874,adidas
686,1,168,169,686,0.9715862060383874,adidas
687,1,174,175,687,0.9715862060383874,adidas
688,1,178,179,688,0.9715862060383874,adidas
689,1,179,180,689,0.9715862060383874,adidas
690,1,188,189,690,0.9715862060383874,adidas
691,1,189,190,691,0.9715862060383874,adidas
692,1,195,196,692,0.9715862060383874,adidas
693,1,197,198,693,0.9715862060383874,adidas
694,1,198,199,694,0.9715862060383874,adidas
695,1,199,200,695,0.9715862060383874,adidas
696,1,208,209,696,0.9715862060383874,adidas
697,1,210,211,697,0.9715862060383874,adidas
698,1,213,214,698,0.9715862060383874,adidas
699,1,217,218,699,0.9715862060383874,adidas
700,1,218,219,700,0.9715862060383874,adidas
701,1,220,221,701,0.9715862060383874,adidas
702,1,224,225,702,0.9715862060383874,adidas
703,1,225,226,703,0.9715862060383874,adidas
704,1,227,228,704,0.9715862060383874,adidas
705,1,228,229,705,0.9715862060383874,adidas
706,1,236,237,706,0.9715862060383874,adidas
707,1,237,238,707,0.9715862060383874,adidas
708,1,238,239,708,0.9715862060383874,adidas
709,1,241,242,709,0.9715862060383874,adidas
710,1,243,244,710,0.9715862060383874,adidas
711,1,244,245,711,0.9715862060383874,adidas
712,1,245,246,712,0.9715862060383874,adidas
713,1,250,251,713,0.9715862060383874,adidas
714,1,252,253,714,0.9715862060383874,adidas
715,1,253,254,715,0.9715862060383874,adidas
716,1,254,255,716,0.9715862060383874,adidas
717,1,258,259,717,0.9715862060383874,adidas
718,1,263,264,718,0.9715862060383874,adidas
719,1,266,267,719,0.9715862060383874,adidas
720,1,277,278,720,0.9715862060383874,adidas
721,1,279,280,721,0.9715862060383874,adidas
722,1,287,288,722,0.9715862060383874,adidas
723,1,289,290,723,0.9715862060383874,adidas
724,1,296,297,724,0.9715862060383874,adidas
725,1,299,300,725,0.9715862060383874,adidas
726,1,300,301,726,0.9715862060383874,adidas
727,1,304,305,727,0.9715862060383874,adidas
728,1,305,306,728,0.9715862060383874,adidas
729,1,309,310,729,0.9715862060383874,adidas
730,1,312,313,730,0.9715862060383874,adidas
731,1,317,318,731,0.9715862060383874,adidas
732,1,318,319,732,0.9715862060383874,adidas
733,1,320,321,733,0.9715862060383874,adidas
734,1,322,323,734,0.9715862060383874,adidas
735,1,326,327,735,0.9715862060383874,adidas
736,1,327,328,736,0.9715862060383874,adidas
737,1,328,329,737,0.9715862060383874,adidas
738,1,329,330,738,0.9715862060383874,adidas
739,1,331,332,739,0.9715862060383874,adidas
740,1,334,335,740,0.9715862060383874,adidas
741,1,336,337,741,0.9715862060383874,adidas
742,1,339,340,742,0.9715862060383874,adidas
743,1,342,343,743,0.9715862060383874,adidas
744,1,343,344,744,0.9715862060383874,adidas
745,1,349,350,745,0.9715862060383874,adidas
746,1,350,351,746,0.9715862060383874,adidas
747,1,351,352,747,0.9715862060383874,adidas
748,1,352,353,748,0.9715862060383874,adidas
749,1,355,356,749,0.9715862060383874,adidas
750,1,357,358,750,0.9715862060383874,adidas
751,1,362,363,751,0.9715862060383874,adidas
752,1,364,365,752,0.9715862060383874,adidas
753,1,366,367,753,0.9715862060383874,adidas
754,1,368,369,754,0.9715862060383874,adidas
755,1,369,370,755,0.9715862060383874,adidas
756,1,372,373,756,0.9715862060383874,adidas
757,1,373,374,757,0.9715862060383874,adidas
758,1,374,375,758,0.9715862060383874,adidas
759,1,375,376,759,0.9715862060383874,adidas
760,1,377,378,760,0.9715862060383874,adidas
761,1,378,379,761,0.9715862060383874,adidas
762,1,381,382,762,0.9715862060383874,adidas
763,1,384,385,763,0.9715862060383874,adidas
764,1,385,386,764,0.9715862060383874,adidas
765,1,387,388,765,0.9715862060383874,adidas
766,1,397,398,766,0.9715862060383874,adidas
767,1,399,400,767,0.9715862060383874,adidas
768,1,406,407,768,0.9715862060383874,adidas
769,1,407,408,769,0.9715862060383874,adidas
770,1,416,417,770,0.9715862060383874,adidas
771,1,417,418,771,0.9715862060383874,adidas
772,1,418,419,772,0.9715862060383874,adidas
773,1,420,421,773,0.9715862060383874,adidas
774,1,421,422,774,0.9715862060383874,adidas
775,1,425,426,775,0.9715862060383874,adidas
776,1,428,429,776,0.9715862060383874,adidas
777,1,431,432,777,0.9715862060383874,adidas
778,1,433,434,778,0.9715862060383874,adidas
779,1,441,442,779,0.9715862060383874,adidas
780,1,444,445,780,0.9715862060383874,adidas
781,1,445,446,781,0.9715862060383874,adidas
782,1,447,448,782,0.9715862060383874,adidas
783,1,448,449,783,0.9715862060383874,adidas
784,1,449,450,784,0.9715862060383874,adidas
785,1,450,451,785,0.9715862060383874,adidas
786,1,451,452,786,0.9715862060383874,adidas
787,1,454,455,787,0.9715862060383874,adidas
788,1,457,458,788,0.9715862060383874,adidas
789,1,458,459,789,0.9715862060383874,adidas
790,1,459,460,790,0.9715862060383874,adidas
791,1,463,464,791,0.9715862060383874,adidas
792,1,472,473,792,0.9715862060383874,adidas
793,1,473,474,793,0.9715862060383874,adidas
794,1,474,475,794,0.9715862060383874,adidas
795,1,475,476,795,0.9715862060383874,adidas
796,1,478,479,796,0.9715862060383874,adidas
797,1,480,481,797,0.9715862060383874,adidas
798,1,485,486,798,0.9715862060383874,adidas
799,1,486,487,799,0.9715862060383874,adidas
800,1,489,490,800,0.9715862060383874,adidas
801,1,492,493,801,0.9715862060383874,adidas
802,1,494,495,802,0.9715862060383874,adidas
803,1,498,499,803,0.9715862060383874,adidas
804,1,502,503,804,0.9715862060383874,adidas
805,1,503,504,805,0.9715862060383874,adidas
806,1,507,508,806,0.9715862060383874,adidas
807,1,515,516,807,0.9715862060383874,adidas
808,1,516,517,808,0.9715862060383874,adidas
809,1,517,518,809,0.9715862060383874,adidas
810,1,518,519,810,0.9715862060383874,adidas
811,1,522,523,811,0.9715862060383874,adidas
812,1,523,524,812,0.9715862060383874,adidas
813,1,524,525,813,0.9715862060383874,adidas
814,1,527,528,814,0.9715862060383874,adidas
815,1,531,532,815,0.9715862060383874,adidas
816,1,538,539,816,0.9715862060383874,adidas
817,1,545,546,817,0.9715862060383874,adidas
818,1,547,548,818,0.9715862060383874,adidas
819,1,550,551,819,0.9715862060383874,adidas
820,1,553,554,820,0.9715862060383874,adidas
821,1,554,555,821,0.9715862060383874,adidas
822,1,555,556,822,0.9715862060383874,adidas
823,1,566,567,823,0.9715862060383874,adidas
824,1,570,571,824,0.9715862060383874,adidas
825,1,576,577,825,0.9715862060383874,adidas
826,1,586,587,826,0.9715862060383874,adidas
827,1,589,590,827,0.9715862060383874,adidas
828,1,591,592,828,0.9715862060383874,adidas
829,1,594,595,829,0.9715862060383874,adidas
830,1,600,601,830,0.9715862060383874,adidas
831,1,607,608,831,0.9715862060383874,adidas
832,1,608,609,832,0.9715862060383874,adidas
833,1,611,612,833,0.9715862060383874,adidas
834,1,612,613,834,0.9715862060383874,adidas
835,1,614,615,835,0.9715862060383874,adidas
836,1,621,622,836,0.9715862060383874,adidas
837,1,623,624,837,0.9715862060383874,adidas
838,1,624,625,838,0.9715862060383874,adidas
839,1,627,628,839,0.9715862060383874,adidas
840,1,641,642,840,0.9715862060383874,adidas
841,1,647,648,841,0.9715862060383874,adidas
842,1,648,649,842,0.9715862060383874,adidas
843,1,657,658,843,0.9715862060383874,adidas
844,1,667,668,844,0.9715862060383874,adidas
845,1,671,672,845,0.9715862060383874,adidas
846,1,672,673,846,0.9715862060383874,adidas
847,1,673,674,847,0.9715862060383874,adidas
848,1,676,677,848,0.9715862060383874,adidas
849,1,678,679,849,0.9715862060383874,adidas
850,1,682,683,850,0.9715862060383874,adidas
851,1,692,693,851,0.9715862060383874,adidas
852,1,693,694,852,0.9715862060383874,adidas
853,1,695,696,853,0.9715862060383874,adidas
854,1,699,700,854,0.9715862060383874,adidas
855,1,704,705,855,0.9715862060383874,adidas
856,1,707,708,856,0.9715862060383874,adidas
857,1,708,709,857,0.9715862060383874,adidas
858,1,711,712,858,0.9715862060383874,adidas
859,1,717,718,859,0.9715862060383874,adidas
860,1,718,719,860,0.9715862060383874,adidas
861,1,722,723,861,0.9715862060383874,adidas
862,1,728,729,862,0.9715862060383874,adidas
863,1,731,732,863,0.9715862060383874,adidas
864,1,737,738,864,0.9715862060383874,adidas
865,1,741,742,865,0.9715862060383874,adidas
866,1,743,744,866,0.9715862060383874,adidas
867,1,749,750,867,0.9715862060383874,adidas
868,1,751,752,868,0.9715862060383874,adidas
869,1,756,757,869,0.9715862060383874,adidas
870,1,757,758,870,0.9715862060383874,adidas
871,1,759,760,871,0.9715862060383874,adidas
872,1,762,763,872,0.9715862060383874,adidas
873,1,763,764,873,0.9715862060383874,adidas
874,1,764,765,874,0.9715862060383874,adidas
875,1,766,767,875,0.9715862060383874,adidas
876,1,768,769,876,0.9715862060383874,adidas
877,1,776,777,877,0.9715862060383874,adidas
878,1,781,782,878,0.9715862060383874,adidas
879,1,787,788,879,0.9715862060383874,adidas
880,1,791,792,880,0.9715862060383874,adidas
881,1,795,796,881,0.9715862060383874,adidas
882,1,803,804,882,0.9715862060383874,adidas
883,1,805,806,883,0.9715862060383874,adidas
884,1,808,809,884,0.9715862060383874,adidas
885,1,809,810,885,0.9715862060383874,adidas
886,1,810,811,886,0.9715862060383874,adidas
887,1,813,814,887,0.9715862060383874,adidas
888,1,820,821,888,0.9715862060383874,adidas
889,1,821,822,889,0.9715862060383874,adidas
890,1,827,828,890,0.9715862060383874,adidas
891,1,828,829,891,0.9715862060383874,adidas
892,1,829,830,892,0.9715862060383874,adidas
893,1,831,832,893,0.9715862060383874,adidas
894,1,840,841,894,0.9715862060383874,adidas
895,1,841,842,895,0.9715862060383874,adidas
896,1,842,843,896,0.9715862060383874,adidas
897,1,845,846,897,0.9715862060383874,adidas
898,1,850,851,898,0.9715862060383874,adidas
899,1,857,858,899,0.9715862060383874,adidas
900,1,876,877,900,0.9715862060383874,adidas
901,1,881,882,901,0.9715862060383874,adidas
902,1,885,886,902,0.9715862060383874,adidas
903,1,888,889,903,0.9715862060383874,adidas
904,1,892,893,904,0.9715862060383874,adidas
905,1,896,897,905,0.9715862060383874,adidas
906,1,898,899,906,0.9715862060383874,adidas
907,1,900,901,907,0.9715862060383874,adidas
908,1,906,907,908,0.9715862060383874,adidas
909,1,907,908,909,0.9715862060383874,adidas
910,1,910,911,910,0.9715862060383874,adidas
911,1,912,913,911,0.9715862060383874,adidas
912,1,939,940,912,0.9715862060383874,adidas
913,1,942,943,913,0.9715862060383874,adidas
914,1,949,950,914,0.9715862060383874,adidas
915,1,953,954,915,0.9715862060383874,adidas
916,1,954,955,916,0.9715862060383874,adidas
917,1,958,959,917,0.9715862060383874,adidas
918,1,960,961,918,0.9715862060383874,adidas
919,1,961,962,919,0.9715862060383874,adidas
920,1,963,964,920,0.9715862060383874,adidas
921,1,966,967,921,0.9715862060383874,adidas
922,1,967,968,922,0.9715862060383874,adidas
923,1,970,971,923,0.9715862060383874,adidas
924,1,972,973,924,0.9715862060383874,adidas
925,1,974,975,925,0.9715862060383874,adidas
926,1,975,976,926,0.9715862060383874,adidas
927,1,978,979,927,0.9715862060383874,adidas
928,1,981,982,928,0.9715862060383874,adidas
929,1,982,983,929,0.9715862060383874,adidas
930,1,984,985,930,0.9715862060383874,adidas
931,1,985,986,931,0.9715862060383874,adidas
932,1,987,988,932,0.9715862060383874,adidas
933,1,995,996,933,0.9715862060383874,adidas
934,1,1001,1002,934,0.9715862060383874,adidas
935,1,1002,1003,935,0.9715862060383874,adidas
936,1,1003,1004,936,0.9715862060383874,adidas
937,1,1005,1006,937,0.9715862060383874,adidas
938,1,1007,1008,938,0.9715862060383874,adidas
939,1,1014,1015,939,0.9715862060383874,adidas
940,1,1016,1017,940,0.9715862060383874,adidas
941,1,1028,1029,941,0.9715862060383874,adidas
942,1,1029,1030,942,0.9715862060383874,adidas
943,1,1030,1031,943,0.9715862060383874,adidas
944,1,1033,1034,944,0.9715862060383874,adidas
945,1,1036,1037,945,0.9715862060383874,adidas
946,1,1041,1042,946,0.9715862060383874,adidas
947,1,1043,1044,947,0.9715862060383874,adidas
948,1,1047,1048,948,0.9715862060383874,adidas
949,1,1050,1051,949,0.9715862060383874,adidas
950,1,1053,1054,950,0.9715862060383874,adidas
951,1,1055,1056,951,0.9715862060383874,adidas
952,1,1061,1062,952,0.9715862060383874,adidas
953,1,1066,1067,953,0.9715862060383874,adidas
954,1,1069,1070,954,0.9715862060383874,adidas
955,1,1072,1073,955,0.9715862060383874,adidas
956,1,1073,1074,956,0.9715862060383874,adidas
957,1,1076,1077,957,0.9715862060383874,adidas
958,1,1079,1080,958,0.9715862060383874,adidas
959,1,1080,1081,959,0.9715862060383874,adidas
960,1,1084,1085,960,0.9715862060383874,adidas
961,1,1085,1086,961,0.9715862060383874,adidas
962,1,1086,1087,962,0.9715862060383874,adidas
963,1,1088,1089,963,0.9715862060383874,adidas
964,1,1090,1091,964,0.9715862060383874,adidas
965,1,1093,1094,965,0.9715862060383874,adidas
966,1,1094,1095,966,0.9715862060383874,adidas
967,1,1096,1097,967,0.9715862060383874,adidas
968,1,1097,1098,968,0.9715862060383874,adidas
969,1,1098,1099,969,0.9715862060383874,adidas
970,1,1099,1100,970,0.9715862060383874,adidas
971,1,1101,1102,971,0.9715862060383874,adidas
972,1,1102,1103,972,0.9715862060383874,adidas
973,1,1107,1108,973,0.9715862060383874,adidas
974,1,1109,1110,974,0.9715862060383874,adidas
975,1,1111,1112,975,0.9715862060383874,adidas
976,1,1112,1113,976,0.9715862060383874,adidas
977,1,1116,1117,977,0.9715862060383874,adidas
978,1,1117,1118,978,0.9715862060383874,adidas
979,1,1123,1124,979,0.9715862060383874,adidas
980,1,1124,1125,980,0.9715862060383874,adidas
981,1,1128,1129,981,0.9715862060383874,adidas
982,1,1139,1140,982,0.9715862060383874,adidas
983,1,1140,1141,983,0.9715862060383874,adidas
984,1,1141,1142,984,0.9715862060383874,adidas
985,1,1143,1144,985,0.9715862060383874,adidas
986,1,1145,1146,986,0.9715862060383874,adidas
987,1,1160,1161,987,0.9715862060383874,adidas
988,1,1161,1162,988,0.9715862060383874,adidas
989,1,1167,1168,989,0.9715862060383874,adidas
990,1,1169,1170,990,0.9715862060383874,adidas
991,1,1170,1171,991,0.9715862060383874,adidas
992,1,1171,1172,992,0.9715862060383874,adidas
993,1,1173,1174,993,0.9715862060383874,adidas
994,1,1175,1176,994,0.9715862060383874,adidas
995,1,1176,1177,995,0.9715862060383874,adidas
996,1,1183,1184,996,0.9715862060383874,adidas
997,1,1184,1185,997,0.9715862060383874,adidas
998,1,1185,1186,998,0.9715862060383874,adidas
999,1,1186,1187,999,0.9715862060383874,adidas
1000,2,1345,1346,0,1.6411064958079271,shirt
1001,2,1488,1489,1,1.6411064958079271,shirt
1002,2,1728,1729,2,1.6411064958079271,shirt
1003,2,1801,1802,3,1.6411064958079271,shirt
1004,2,1945,1946,4,1.6411064958079271,shirt
1005,2,2117,2118,5,1.6411064958079271,shirt
1006,2,2291,2292,6,1.6411064958079271,shirt
1007,2,1626,1627,7,1.6401098486671724,shirt
1008,2,1984,1985,8,1.6401098486671724,shirt
1009,2,247,248,9,1.6309756474033228,shirt
1010,2,1521,1522,10,1.6309756474033228,shirt
1011,2,1540,1541,11,1.6309756474033228,shirt
1012,2,1550,1551,12,1.6309756474033228,shirt
1013,2,1582,1583,13,1.6309756474033228,shirt
1014,2,1583,1584,14,1.6309756474033228,shirt
1015,2,1598,1599,15,1.6309756474033228,shirt
1016,2,1713,1714,16,1.6309756474033228,shirt
1017,2,1832,1833,17,1.6309756474033228,shirt
1018,2,2510,2511,18,1.6309756474033228,shirt
1019,2,2544,2545,19,1.6309756474033228,shirt
1020,2,2570,2571,20,1.6309756474033228,shirt
1021,2,2604,2605,21,1.6309756474033228,shirt
1022,2,2630,2631,22,1.6309756474033228,shirt
1023,2,2665,2666,23,1.6309756474033228,shirt
1024,2,2692,2693,24,1.6309756474033228,shirt
1025,2,2764,2765,25,1.6309756474033228,shirt
1026,2,2781,2782,26,1.6309756474033228,shirt
1027,2,2799,2800,27,1.6309756474033228,shirt
1028,2,2838,2839,28,1.6309756474033228,shirt
1029,2,2862,2863,29,1.6309756474033228,shirt
1030,2,2870,2871,30,1.6309756474033228,shirt
1031,2,2904,2905,31,1.6309756474033228,shirt
1032,2,2930,2931,32,1.6309756474033228,shirt
1033,2,2964,2965,33,1.6309756474033228,shirt
1034,2,2990,2991,34,1.6309756474033228,shirt
1035,2,3024,3025,35,1.6309756474033228,shirt
1036,2,3050,3051,36,1.6309756474033228,shirt
1037,2,3085,3086,37,1.6309756474033228,shirt
1038,2,3110,3111,38,1.6309756474033228,shirt
1039,2,3162,3163,39,1.6309756474033228,shirt
1040,2,3170,3171,40,1.6309756474033228,shirt
1041,2,3204,3205,41,1.6309756474033228,shirt
1042,2,3230,3231,42,1.6309756474033228,shirt
1043,2,3265,3266,43,1.6309756474033228,shirt
1044,2,3292,3293,44,1.6309756474033228,shirt
1045,2,3362,3363,45,1.6309756474033228,shirt
1046,2,3380,3381,46,1.6309756474033228,shirt
1047,2,3398,3399,47,1.6309756474033228,shirt
1048,2,3439,3440,48,1.6309756474033228,shirt
1049,2,3444,3445,49,1.6309756474033228,shirt
1050,2,3470,3471,50,1.6309756474033228,shirt
1051,2,3504,3505,51,1.6309756474033228,shirt
1052,2,845,846,52,1.6140728120575134,shirt
1053,2,1043,1044,53,1.6140728120575134,shirt
1054,2,1128,1129,54,1.6140728120575134,shirt
1055,2,1171,1172,55,1.6140728120575134,shirt
1056,2,1257,1258,56,1.6140728120575134,shirt
1057,2,1363,1364,57,1.6140728120575134,shirt
1058,2,1477,1478,58,1.6140728120575134,shirt
1059,2,1510,1511,59,1.6140728120575134,shirt
1060,2,1643,1644,60,1.6140728120575134,shirt
1061,2,2205,2206,61,1.6140728120575134,shirt
1062,2,2222,2223,62,1.6140728120575134,shirt
1063,2,2491,2492,63,1.6140728120575134,shirt
1064,2,2534,2535,64,1.6140728120575134,shirt
1065,2,2541,2542,65,1.6140728120575134,shirt
1066,2,2551,2552,66,1.6140728120575134,shirt
1067,2,2594,2595,67,1.6140728120575134,shirt
1068,2,2601,2602,68,1.6140728120575134,shirt
1069,2,2611,2612,69,1.6140728120575134,shirt
1070,2,2654,2655,70,1.6140728120575134,shirt
1071,2,2662,2663,71,1.6140728120575134,shirt
1072,2,2671,2672,72,1.6140728120575134,shirt
1073,2,2710,2711,73,1.6140728120575134,shirt
1074,2,2727,2728,74,1.6140728120575134,shirt
1075,2,2751,2752,75,1.6140728120575134,shirt
1076,2,2758,2759,76,1.6140728120575134,shirt
1077,2,2813,2814,77,1.6140728120575134,shirt
1078,2,2828,2829,78,1.6140728120575134,shirt
1079,2,2835,2836,79,1.6140728120575134,shirt
1080,2,2841,2842,80,1.6140728120575134,shirt
1081,2,2859,2860,81,1.6140728120575134,shirt
1082,2,2894,2895,82,1.6140728120575134,shirt
1083,2,2901,2902,83,1.6140728120575134,shirt
1084,2,2911,2912,84,1.6140728120575134,shirt
1085,2,2954,2955,85,1.6140728120575134,shirt
1086,2,2961,2962,86,1.6140728120575134,shirt
1087,2,2971,2972,87,1.6140728120575134,shirt
1088,2,3014,3015,88,1.6140728120575134,shirt
1089,2,3021,3022,89,1.6140728120575134,shirt
1090,2,3031,3032,90,1.6140728120575134,shirt
1091,2,3074,3075,91,1.6140728120575134,shirt
1092,2,3081,3082,92,1.6140728120575134,shirt
1093,2,3091,3092,93,1.6140728120575134,shirt
1094,2,3135,3136,94,1.6140728120575134,shirt
1095,2,3142,3143,95,1.6140728120575134,shirt
1096,2,3145,3146,96,1.6140728120575134,shirt
1097,2,3194,3195,97,1.6140728120575134,shirt
1098,2,3201,3202,98,1.6140728120575134,shirt
1099,2,3211,3212,99,1.6140728120575134,shirt
1100,2,3254,3255,100,1.6140728120575134,shirt
1101,2,3262,3263,101,1.6140728120575134,shirt
1102,2,3271,3272,102,1.6140728120575134,shirt
1103,2,3307,3308,103,1.6140728120575134,shirt
1104,2,3325,3326,104,1.6140728120575134,shirt
1105,2,3352,3353,105,1.6140728120575134,shirt
1106,2,3395,3396,106,1.6140728120575134,shirt
1107,2,3411,3412,107,1.6140728120575134,shirt
1108,2,3418,3419,108,1.6140728120575134,shirt
1109,2,3428,3429,109,1.6140728120575134,shirt
1110,2,3435,3436,110,1.6140728120575134,shirt
1111,2,3451,3452,111,1.6140728120575134,shirt
1112,2,3494,3495,112,1.6140728120575134,shirt
1113,2,3501,3502,113,1.6140728120575134,shirt
1114,2,341,342,114,1.5930211690664728,shirt
1115,2,887,888,115,1.5930211690664728,shirt
1116,2,1163,1164,116,1.5930211690664728,shirt
1117,2,1455,1456,117,1.5930211690664728,shirt
1118,2,1484,1485,118,1.5930211690664728,shirt
1119,2,1498,1499,119,1.5930211690664728,shirt
1120,2,1562,1563,120,1.5930211690664728,shirt
1121,2,1698,1699,121,1.5930211690664728,shirt
1122,2,1735,1736,122,1.5930211690664728,shirt
1123,2,1784,1785,123,1.5930211690664728,shirt
1124,2,1815,1816,124,1.5930211690664728,shirt
1125,2,1900,1901,125,1.5930211690664728,shirt
1126,2,1902,1903,126,1.5930211690664728,shirt
1127,2,2105,2106,127,1.5930211690664728,shirt
1128,2,2124,2125,128,1.5930211690664728,shirt
1129,2,2370,2371,129,1.5930211690664728,shirt
1130,2,2401,2402,130,1.5930211690664728,shirt
1131,2,2419,2420,131,1.5930211690664728,shirt
1132,2,2505,2506,132,1.5930211690664728,shirt
1133,2,2508,2509,133,1.5930211690664728,shirt
1134,2,2515,2516,134,1.5930211690664728,shirt
1135,2,2516,2517,135,1.5930211690664728,shirt
1136,2,2520,2521,136,1.5930211690664728,shirt
1137,2,2521,2522,137,1.5930211690664728,shirt
1138,2,2527,2528,138,1.5930211690664728,shirt
1139,2,2530,2531,139,1.5930211690664728,shirt
1140,2,2539,2540,140,1.5930211690664728,shirt
1141,2,2542,2543,141,1.5930211690664728,shirt
1142,2,2565,2566,142,1.5930211690664728,shirt
1143,2,2568,2569,143,1.5930211690664728,shirt
1144,2,2575,2576,144,1.5930211690664728,shirt
1145,2,2576,2577,145,1.5930211690664728,shirt
1146,2,2580,2581,146,1.5930211690664728,shirt
1147,2,2581,2582,147,1.5930211690664728,shirt
1148,2,2587,2588,148,1.5930211690664728,shirt
1149,2,2590,2591,149,1.5930211690664728,shirt
1150,2,2599,2600,150,1.5930211690664728,shirt
1151,2,2602,2603,151,1.5930211690664728,shirt
1152,2,2625,2626,152,1.5930211690664728,shirt
1153,2,2628,2629,153,1.5930211690664728,shirt
1154,2,2635,2636,154,1.5930211690664728,shirt
1155,2,2636,2637,155,1.5930211690664728,shirt
1156,2,2640,2641,156,1.5930211690664728,shirt
1157,2,2641,2642,157,1.5930211690664728,shirt
1158,2,2647,2648,158,1.5930211690664728,shirt
1159,2,2650,2651,159,1.5930211690664728,shirt
1160,2,2660,2661,160,1.5930211690664728,shirt
1161,2,2663,2664,161,1.5930211690664728,shirt
1162,2,2685,2686,162,1.5930211690664728,shirt
1163,2,2690,2691,163,1.5930211690664728,shirt
1164,2,2697,2698,164,1.5930211690664728,shirt
1165,2,2698,2699,165,1.5930211690664728,shirt
1166,2,2702,2703,166,1.5930211690664728,shirt
1167,2,2703,2704,167,1.5930211690664728,shirt
1168,2,2724,2725,168,1.5930211690664728,shirt
1169,2,2741,2742,169,1.5930211690664728,shirt
1170,2,2744,2745,170,1.5930211690664728,shirt
1171,2,2747,2748,171,1.5930211690664728,shirt
1172,2,2756,2757,172,1.5930211690664728,shirt
1173,2,2759,2760,173,1.5930211690664728,shirt
1174,2,2762,2763,174,1.5930211690664728,shirt
1175,2,2769,2770,175,1.5930211690664728,shirt
1176,2,2770,2771,176,1.5930211690664728,shirt
1177,2,2774,2775,177,1.5930211690664728,shirt
1178,2,2775,2776,178,1.5930211690664728,shirt
1179,2,2779,2780,179,1.5930211690664728,shirt
1180,2,2786,2787,180,1.5930211690664728,shirt
1181,2,2787,2788,181,1.5930211690664728,shirt
1182,2,2791,2792,182,1.5930211690664728,shirt
1183,2,2792,2793,183,1.5930211690664728,shirt
1184,2,2806,2807,184,1.5930211690664728,shirt
1185,2,2809,2810,185,1.5930211690664728,shirt
1186,2,2818,2819,186,1.5930211690664728,shirt
1187,2,2821,2822,187,1.5930211690664728,shirt
1188,2,2824,2825,188,1.5930211690664728,shirt
1189,2,2833,2834,189,1.5930211690664728,shirt
1190,2,2836,2837,190,1.5930211690664728,shirt
1191,2,2855,2856,191,1.5930211690664728,shirt
1192,2,2858,2859,192,1.5930211690664728,shirt
1193,2,2860,2861,193,1.5930211690664728,shirt
1194,2,2875,2876,194,1.5930211690664728,shirt
1195,2,2876,2877,195,1.5930211690664728,shirt
1196,2,2880,2881,196,1.5930211690664728,shirt
1197,2,2881,2882,197,1.5930211690664728,shirt
1198,2,2887,2888,198,1.5930211690664728,shirt
1199,2,2890,2891,199,1.5930211690664728,shirt
1200,2,2899,2900,200,1.5930211690664728,shirt
1201,2,2902,2903,201,1.5930211690664728,shirt
1202,2,2925,2926,202,1.5930211690664728,shirt
1203,2,2928,2929,203,1.5930211690664728,shirt
1204,2,2935,2936,204,1.5930211690664728,shirt
1205,2,2936,2937,205,1.5930211690664728,shirt
1206,2,2940,2941,206,1.5930211690664728,shirt
1207,2,2941,2942,207,1.5930211690664728,shirt
1208,2,2947,2948,208,1.5930211690664728,shirt
1209,2,2950,2951,209,1.5930211690664728,shirt
1210,2,2959,2960,210,1.5930211690664728,shirt
1211,2,2962,2963,211,1.5930211690664728,shirt
1212,2,2985,2986,212,1.5930211690664728,shirt
1213,2,2988,2989,213,1.5930211690664728,shirt
1214,2,2995,2996,214,1.5930211690664728,shirt
1215,2,2996,2997,215,1.5930211690664728,shirt
1216,2,3000,3001,216,1.5930211690664728,shirt
1217,2,3001,3002,217,1.5930211690664728,shirt
1218,2,3007,3008,218,1.5930211690664728,shirt
1219,2,3010,3011,219,1.5930211690664728,shirt
1220,2,3019,3020,220,1.5930211690664728,shirt
1221,2,3022,3023,221,1.5930211690664728,shirt
1222,2,3045,3046,222,1.5930211690664728,shirt
1223,2,3048,3049,223,1.5930211690664728,shirt
1224,2,3055,3056,224,1.5930211690664728,shirt
1225,2,3056,3057,225,1.5930211690664728,shirt
1226,2,3060,3061,226,1.5930211690664728,shirt
1227,2,3061,3062,227,1.5930211690664728,shirt
1228,2,3067,3068,228,1.5930211690664728,shirt
1229,2,3070,3071,229,1.5930211690664728,shirt
1230,2,3079,3080,230,1.5930211690664728,shirt
1231,2,3082,3083,231,1.5930211690664728,shirt
1232,2,3105,3106,232,1.5930211690664728,shirt
1233,2,3108,3109,233,1.5930211690664728,shirt
1234,2,3115,3116,234,1.5930211690664728,shirt
1235,2,3116,3117,235,1.5930211690664728,shirt
1236,2,3120,3121,236,1.5930211690664728,shirt
1237,2,3121,3122,237,1.5930211690664728,shirt
1238,2,3128,3129,238,1.5930211690664728,shirt
1239,2,3131,3132,239,1.5930211690664728,shirt
1240,2,3140,3141,240,1.5930211690664728,shirt
1241,2,3159,3160,241,1.5930211690664728,shirt
1242,2,3160,3161,242,1.5930211690664728,shirt
1243,2,3168,3169,243,1.5930211690664728,shirt
1244,2,3175,3176,244,1.5930211690664728,shirt
1245,2,3176,3177,245,1.5930211690664728,shirt
1246,2,3180,3181,246,1.5930211690664728,shirt
1247,2,3181,3182,247,1.5930211690664728,shirt
1248,2,3187,3188,248,1.5930211690664728,shirt
1249,2,3190,3191,249,1.5930211690664728,shirt
1250,2,3199,3200,250,1.5930211690664728,shirt
1251,2,3202,3203,251,1.5930211690664728,shirt
1252,2,3225,3226,252,1.5930211690664728,shirt
1253,2,3228,3229,253,1.5930211690664728,shirt
1254,2,3235,3236,254,1.5930211690664728,shirt
1255,2,3236,3237,255,1.5930211690664728,shirt
1256,2,3240,3241,256,1.5930211690664728,shirt
1257,2,3241,3242,257,1.5930211690664728,shirt
1258,2,3247,3248,258,1.5930211690664728,shirt
1259,2,3250,3251,259,1.5930211690664728,shirt
1260,2,3260,3261,260,1.5930211690664728,shirt
1261,2,3263,3264,261,1.5930211690664728,shirt
1262,2,3287,3288,262,1.5930211690664728,shirt
1263,2,3290,3291,263,1.5930211690664728,shirt
1264,2,3297,3298,264,1.5930211690664728,shirt
1265,2,3298,3299,265,1.5930211690664728,shirt
1266,2,3302,3303,266,1.5930211690664728,shirt
1267,2,3303,3304,267,1.5930211690664728,shirt
1268,2,3321,3322,268,1.5930211690664728,shirt
1269,2,3339,3340,269,1.5930211690664728,shirt
1270,2,3345,3346,270,1.5930211690664728,shirt
1271,2,3348,3349,271,1.5930211690664728,shirt
1272,2,3357,3358,272,1.5930211690664728,shirt
1273,2,3360,3361,273,1.5930211690664728,shirt
1274,2,3367,3368,274,1.5930211690664728,shirt
1275,2,3368,3369,275,1.5930211690664728,shirt
1276,2,3372,3373,276,1.5930211690664728,shirt
1277,2,3373,3374,277,1.5930211690664728,shirt
1278,2,3378,3379,278,1.5930211690664728,shirt
1279,2,3385,3386,279,1.5930211690664728,shirt
1280,2,3386,3387,280,1.5930211690664728,shirt
1281,2,3390,3391,281,1.5930211690664728,shirt
1282,2,3391,3392,282,1.5930211690664728,shirt
1283,2,3396,3397,283,1.5930211690664728,shirt
1284,2,3404,3405,284,1.5930211690664728,shirt
1285,2,3407,3408,285,1.5930211690664728,shirt
1286,2,3416,3417,286,1.5930211690664728,shirt
1287,2,3421,3422,287,1.5930211690664728,shirt
1288,2,3424,3425,288,1.5930211690664728,shirt
1289,2,3433,3434,289,1.5930211690664728,shirt
1290,2,3436,3437,290,1.5930211690664728,shirt
1291,2,3437,3438,291,1.5930211690664728,shirt
1292,2,3465,3466,292,1.5930211690664728,shirt
1293,2,3468,3469,293,1.5930211690664728,shirt
1294,2,3475,3476,294,1.5930211690664728,shirt
1295,2,3476,3477,295,1.5930211690664728,shirt
1296,2,3480,3481,296,1.5930211690664728,shirt
1297,2,3481,3482,297,1.5930211690664728,shirt
1298,2,3487,3488,298,1.5930211690664728,shirt
1299,2,3490,3491,299,1.5930211690664728,shirt
1300,2,3499,3500,300,1.5930211690664728,shirt
1301,2,3502,3503,301,1.5930211690664728,shirt
1302,2,941,942,302,1.569456829217692,shirt
1303,2,1526,1527,303,1.569456829217692,shirt
1304,2,1545,1546,304,1.569456829217692,shirt
1305,2,1557,1558,305,1.569456829217692,shirt
1306,2,1561,1562,306,1.569456829217692,shirt
1307,2,1637,1638,307,1.569456829217692,shirt
1308,2,1752,1753,308,1.569456829217692,shirt
1309,2,1755,1756,309,1.569456829217692,shirt
1310,2,1760,1761,310,1.569456829217692,shirt
1311,2,1780,1781,311,1.569456829217692,shirt
1312,2,1850,1851,312,1.569456829217692,shirt
1313,2,2192,2193,313,1.569456829217692,shirt
1314,2,2204,2205,314,1.569456829217692,shirt
1315,2,2489,2490,315,1.569456829217692,shirt
1316,2,2490,2491,316,1.569456829217692,shirt
1317,2,2507,2508,317,1.569456829217692,shirt
1318,2,2518,2519,318,1.569456829217692,shirt
1319,2,2519,2520,319,1.569456829217692,shirt
1320,2,2522,2523,320,1.569456829217692,shirt
1321,2,2525,2526,321,1.569456829217692,shirt
1322,2,2528,2529,322,1.569456829217692,shirt
1323,2,2532,2533,323,1.569456829217692,shirt
1324,2,2533,2534,324,1.569456829217692,shirt
1325,2,2536,2537,325,1.569456829217692,shirt
1326,2,2540,2541,326,1.569456829217692,shirt
1327,2,2546,2547,327,1.569456829217692,shirt
1328,2,2549,2550,328,1.569456829217692,shirt
1329,2,2550,2551,329,1.569456829217692,shirt
1330,2,2567,2568,330,1.569456829217692,shirt
1331,2,2578,2579,331,1.569456829217692,shirt
1332,2,2579,2580,332,1.569456829217692,shirt
1333,2,2582,2583,333,1.569456829217692,shirt
1334,2,2585,2586,334,1.569456829217692,shirt
1335,2,2588,2589,335,1.569456829217692,shirt
1336,2,2592,2593,336,1.569456829217692,shirt
1337,2,2593,2594,337,1.569456829217692,shirt
1338,2,2596,2597,338,1.569456829217692,shirt
1339,2,2600,2601,339,1.569456829217692,shirt
1340,2,2606,2607,340,1.569456829217692,shirt
1341,2,2609,2610,341,1.569456829217692,shirt
1342,2,2610,2611,342,1.569456829217692,shirt
1343,2,2627,2628,343,1.569456829217692,shirt
1344,2,2638,2639,344,1.569456829217692,shirt
1345,2,2639,2640,345,1.569456829217692,shirt
1346,2,2642,2643,346,1.569456829217692,shirt
1347,2,2645,2646,347,1.569456829217692,shirt
1348,2,2648,2649,348,1.569456829217692,shirt
1349,2,2652,2653,349,1.569456829217692,shirt
1350,2,2653,2654,350,1.569456829217692,shirt
1351,2,2656,2657,351,1.569456829217692,shirt
1352,2,2661,2662,352,1.569456829217692,shirt
1353,2,2667,2668,353,1.569456829217692,shirt
1354,2,2669,2670,354,1.569456829217692,shirt
1355,2,2670,2671,355,1.569456829217692,shirt
1356,2,2687,2688,356,1.569456829217692,shirt
1357,2,2700,2701,357,1.569456829217692,shirt
1358,2,2701,2702,358,1.569456829217692,shirt
1359,2,2704,2705,359,1.569456829217692,shirt
1360,2,2707,2708,360,1.569456829217692,shirt
1361,2,2708,2709,361,1.569456829217692,shirt
1362,2,2709,2710,362,1.569456829217692,shirt
1363,2,2725,2726,363,1.569456829217692,shirt
1364,2,2726,2727,364,1.569456829217692,shirt
1365,2,2745,2746,365,1.569456829217692,shirt
1366,2,2749,2750,366,1.569456829217692,shirt
1367,2,2750,2751,367,1.569456829217692,shirt
1368,2,2753,2754,368,1.569456829217692,shirt
1369,2,2757,2758,369,1.569456829217692,shirt
1370,2,2761,2762,370,1.569456829217692,shirt
1371,2,2772,2773,371,1.569456829217692,shirt
1372,2,2773,2774,372,1.569456829217692,shirt
1373,2,2776,2777,373,1.569456829217692,shirt
1374,2,2778,2779,374,1.569456829217692,shirt
1375,2,2789,2790,375,1.569456829217692,shirt
1376,2,2790,2791,376,1.569456829217692,shirt
1377,2,2793,2794,377,1.569456829217692,shirt
1378,2,2796,2797,378,1.569456829217692,shirt
1379,2,2801,2802,379,1.569456829217692,shirt
1380,2,2804,2805,380,1.569456829217692,shirt
1381,2,2807,2808,381,1.569456829217692,shirt
1382,2,2811,2812,382,1.569456829217692,shirt
1383,2,2812,2813,383,1.569456829217692,shirt
1384,2,2815,2816,384,1.569456829217692,shirt
1385,2,2819,2820,385,1.569456829217692,shirt
1386,2,2822,2823,386,1.569456829217692,shirt
1387,2,2826,2827,387,1.569456829217692,shirt
1388,2,2827,2828,388,1.569456829217692,shirt
1389,2,2830,2831,389,1.569456829217692,shirt
1390,2,2834,2835,390,1.569456829217692,shirt
1391,2,2839,2840,391,1.569456829217692,shirt
1392,2,2840,2841,392,1.569456829217692,shirt
1393,2,2857,2858,393,1.569456829217692,shirt
1394,2,2864,2865,394,1.569456829217692,shirt
1395,2,2867,2868,395,1.569456829217692,shirt
1396,2,2878,2879,396,1.569456829217692,shirt
1397,2,2879,2880,397,1.569456829217692,shirt
1398,2,2882,2883,398,1.569456829217692,shirt
1399,2,2885,2886,399,1.569456829217692,shirt
1400,2,2888,2889,400,1.569456829217692,shirt
1401,2,2892,2893,401,1.569456829217692,shirt
1402,2,2893,2894,402,1.569456829217692,shirt
1403,2,2896,2897,403,1.569456829217692,shirt
1404,2,2900,2901,404,1.569456829217692,shirt
1405,2,2906,2907,405,1.569456829217692,shirt
1406,2,2909,2910,406,1.569456829217692,shirt
1407,2,2910,2911,407,1.569456829217692,shirt
1408,2,2927,2928,408,1.569456829217692,shirt
1409,2,2938,2939,409,1.569456829217692,shirt
1410,2,2939,2940,410,1.569456829217692,shirt
1411,2,2942,2943,411,1.569456829217692,shirt
1412,2,2945,2946,412,1.569456829217692,shirt
1413,2,2948,2949,413,1.569456829217692,shirt
1414,2,2952,2953,414,1.569456829217692,shirt
1415,2,2953,2954,415,1.569456829217692,shirt
1416,2,2956,2957,416,1.569456829217692,shirt
1417,2,2960,2961,417,1.569456829217692,shirt
1418,2,2966,2967,418,1.569456829217692,shirt
1419,2,2969,2970,419,1.569456829217692,shirt
1420,2,2970,2971,420,1.569456829217692,shirt
1421,2,2987,2988,421,1.569456829217692,shirt
1422,2,2998,2999,422,1.569456829217692,shirt
1423,2,2999,3000,423,1.569456829217692,shirt
1424,2,3002,3003,424,1.569456829217692,shirt
1425,2,3005,3006,425,1.569456829217692,shirt
1426,2,3008,3009,426,1.569456829217692,shirt
1427,2,3012,3013,427,1.569456829217692,shirt
1428,2,3013,3014,428,1.569456829217692,shirt
1429,2,3016,3017,429,1.569456829217692,shirt
1430,2,3020,3021,430,1.569456829217692,shirt
1431,2,3026,3027,431,1.569456829217692,shirt
1432,2,3029,3030,432,1.569456829217692,shirt
1433,2,3030,3031,433,1.569456829217692,shirt
1434,2,3047,3048,434,1.569456829217692,shirt
1435,2,3058,3059,435,1.569456829217692,shirt
1436,2,3059,3060,436,1.569456829217692,shirt
1437,2,3062,3063,437,1.569456829217692,shirt
1438,2,3065,3066,438,1.569456829217692,shirt
1439,2,3068,3069,439,1.569456829217692,shirt
1440,2,3072,3073,440,1.569456829217692,shirt
1441,2,3073,3074,441,1.569456829217692,shirt
1442,2,3076,3077,442,1.569456829217692,shirt
1443,2,3080,3081,443,1.569456829217692,shirt
1444,2,3087,3088,444,1.569456829217692,shirt
1445,2,3089,3090,445,1.569456829217692,shirt
1446,2,3090,3091,446,1.569456829217692,shirt
1447,2,3107,3108,447,1.569456829217692,shirt
1448,2,3118,3119,448,1.569456829217692,shirt
1449,2,3119,3120,449,1.569456829217692,shirt
1450,2,3122,3123,450,1.569456829217692,shirt
1451,2,3126,3127,451,1.569456829217692,shirt
1452,2,3129,3130,452,1.569456829217692,shirt
1453,2,3133,3134,453,1.569456829217692,shirt
1454,2,3134,3135,454,1.569456829217692,shirt
1455,2,3137,3138,455,1.569456829217692,shirt
1456,2,3141,3142,456,1.569456829217692,shirt
1457,2,3143,3144,457,1.569456829217692,shirt
1458,2,3144,3145,458,1.569456829217692,shirt
1459,2,3164,3165,459,1.569456829217692,shirt
1460,2,3167,3168,460,1.569456829217692,shirt
1461,2,3178,3179,461,1.569456829217692,shirt
1462,2,3179,3180,462,1.569456829217692,shirt
1463,2,3182,3183,463,1.569456829217692,shirt
1464,2,3185,3186,464,1.569456829217692,shirt
1465,2,3188,3189,465,1.569456829217692,shirt
1466,2,3192,3193,466,1.569456829217692,shirt
1467,2,3193,3194,467,1.569456829217692,shirt
1468,2,3196,3197,468,1.569456829217692,shirt
1469,2,3200,3201,469,1.569456829217692,shirt
1470,2,3206,3207,470,1.569456829217692,shirt
1471,2,3209,3210,471,1.569456829217692,shirt
1472,2,3210,3211,472,1.569456829217692,shirt
1473,2,3227,3228,473,1.569456829217692,shirt
1474,2,3238,3239,474,1.569456829217692,shirt
1475,2,3239,3240,475,1.569456829217692,shirt
1476,2,3242,3243,476,1.569456829217692,shirt
1477,2,3245,3246,477,1.569456829217692,shirt
1478,2,3248,3249,478,1.569456829217692,shirt
1479,2,3252,3253,479,1.569456829217692,shirt
1480,2,3253,3254,480,1.569456829217692,shirt
1481,2,3256,3257,481,1.569456829217692,shirt
1482,2,3261,3262,482,1.569456829217692,shirt
1483,2,3267,3268,483,1.569456829217692,shirt
1484,2,3269,3270,484,1.569456829217692,shirt
1485,2,3270,3271,485,1.569456829217692,shirt
1486,2,3289,3290,486,1.569456829217692,shirt
1487,2,3300,3301,487,1.569456829217692,shirt
1488,2,3301,3302,488,1.569456829217692,shirt
1489,2,3304,3305,489,1.569456829217692,shirt
1490,2,3305,3306,490,1.569456829217692,shirt
1491,2,3306,3307,491,1.569456829217692,shirt
1492,2,3323,3324,492,1.569456829217692,shirt
1493,2,3324,3325,493,1.569456829217692,shirt
1494,2,3343,3344,494,1.569456829217692,shirt
1495,2,3346,3347,495,1.569456829217692,shirt
1496,2,3350,3351,496,1.569456829217692,shirt
1497,2,3351,3352,497,1.569456829217692,shirt
1498,2,3354,3355,498,1.569456829217692,shirt
1499,2,3358,3359,499,1.569456829217692,shirt
1500,2,3359,3360,500,1.569456829217692,shirt
1501,2,3370,3371,501,1.569456829217692,shirt
1502,2,3371,3372,502,1.569456829217692,shirt
1503,2,3374,3375,503,1.569456829217692,shirt
1504,2,3377,3378,504,1.569456829217692,shirt
1505,2,3388,3389,505,1.569456829217692,shirt
1506,2,3389,3390,506,1.569456829217692,shirt
1507,2,3392,3393,507,1.569456829217692,shirt
1508,2,3400,3401,508,1.569456829217692,shirt
1509,2,3402,3403,509,1.569456829217692,shirt
1510,2,3405,3406,510,1.569456829217692,shirt
1511,2,3409,3410,511,1.569456829217692,shirt
1512,2,3410,3411,512,1.569456829217692,shirt
1513,2,3413,3414,513,1.569456829217692,shirt
1514,2,3417,3418,514,1.569456829217692,shirt
1515,2,3419,3420,515,1.569456829217692,shirt
1516,2,3422,3423,516,1.569456829217692,shirt
1517,2,3426,3427,517,1.569456829217692,shirt
1518,2,3427,3428,518,1.569456829217692,shirt
1519,2,3430,3431,519,1.569456829217692,shirt
1520,2,3434,3435,520,1.569456829217692,shirt
1521,2,3441,3442,521,1.569456829217692,shirt
1522,2,3446,3447,522,1.569456829217692,shirt
1523,2,3449,3450,523,1.569456829217692,shirt
1524,2,3450,3451,524,1.569456829217692,shirt
1525,2,3467,3468,525,1.569456829217692,shirt
1526,2,3478,3479,526,1.569456829217692,shirt
1527,2,3479,3480,527,1.569456829217692,shirt
1528,2,3482,3483,528,1.569456829217692,shirt
1529,2,3485,3486,529,1.569456829217692,shirt
1530,2,3488,3489,530,1.569456829217692,shirt
1531,2,3492,3493,531,1.569456829217692,shirt
1532,2,3493,3494,532,1.569456829217692,shirt
1533,2,3496,3497,533,1.569456829217692,shirt
1534,2,3500,3501,534,1.569456829217692,shirt
1535,2,3506,3507,535,1.569456829217692,shirt
1536,2,1544,1545,536,1.5444282388269173,shirt
1537,2,1571,1572,537,1.5444282388269173,shirt
1538,2,2488,2489,538,1.5444282388269173,shirt
1539,2,2517,2518,539,1.5444282388269173,shirt
1540,2,2547,2548,540,1.5444282388269173,shirt
1541,2,2548,2549,541,1.5444282388269173,shirt
1542,2,2577,2578,542,1.5444282388269173,shirt
1543,2,2607,2608,543,1.5444282388269173,shirt
1544,2,2608,2609,544,1.5444282388269173,shirt
1545,2,2637,2638,545,1.5444282388269173,shirt
1546,2,2658,2659,546,1.5444282388269173,shirt
1547,2,2668,2669,547,1.5444282388269173,shirt
1548,2,2688,2689,548,1.5444282388269173,shirt
1549,2,2689,2690,549,1.5444282388269173,shirt
1550,2,2699,2700,550,1.5444282388269173,shirt
1551,2,2771,2772,551,1.5444282388269173,shirt
1552,2,2788,2789,552,1.5444282388269173,shirt
1553,2,2797,2798,553,1.5444282388269173,shirt
1554,2,2802,2803,554,1.5444282388269173,shirt
1555,2,2865,2866,555,1.5444282388269173,shirt
1556,2,2868,2869,556,1.5444282388269173,shirt
1557,2,2877,2878,557,1.5444282388269173,shirt
1558,2,2907,2908,558,1.5444282388269173,shirt
1559,2,2908,2909,559,1.5444282388269173,shirt
1560,2,2937,2938,560,1.5444282388269173,shirt
1561,2,2967,2968,561,1.5444282388269173,shirt
1562,2,2968,2969,562,1.5444282388269173,shirt
1563,2,2997,2998,563,1.5444282388269173,shirt
1564,2,3027,3028,564,1.5444282388269173,shirt
1565,2,3028,3029,565,1.5444282388269173,shirt
1566,2,3057,3058,566,1.5444282388269173,shirt
1567,2,3083,3084,567,1.5444282388269173,shirt
1568,2,3088,3089,568,1.5444282388269173,shirt
1569,2,3117,3118,569,1.5444282388269173,shirt
1570,2,3124,3125,570,1.5444282388269173,shirt
1571,2,3165,3166,571,1.5444282388269173,shirt
1572,2,3177,3178,572,1.5444282388269173,shirt
1573,2,3207,3208,573,1.5444282388269173,shirt
1574,2,3208,3209,574,1.5444282388269173,shirt
1575,2,3237,3238,575,1.5444282388269173,shirt
1576,2,3258,3259,576,1.5444282388269173,shirt
1577,2,3268,3269,577,1.5444282388269173,shirt
1578,2,3284,3285,578,1.5444282388269173,shirt
1579,2,3285,3286,579,1.5444282388269173,shirt
1580,2,3299,3300,580,1.5444282388269173,shirt
1581,2,3369,3370,581,1.5444282388269173,shirt
1582,2,3387,3388,582,1.5444282388269173,shirt
1583,2,3401,3402,583,1.5444282388269173,shirt
1584,2,3442,3443,584,1.5444282388269173,shirt
1585,2,3447,3448,585,1.5444282388269173,shirt
1586,2,3448,3449,586,1.5444282388269173,shirt
1587,2,3477,3478,587,1.5444282388269173,shirt
1588,2,3507,3508,588,1.5444282388269173,shirt
1589,2,2501,2502,589,1.51862110324668,shirt
1590,2,2561,2562,590,1.51862110324668,shirt
1591,2,2621,2622,591,1.51862110324668,shirt
1592,2,2681,2682,592,1.51862110324668,shirt
1593,2,2720,2721,593,1.51862110324668,shirt
1594,2,2737,2738,594,1.51862110324668,shirt
1595,2,2851,2852,595,1.51862110324668,shirt
1596,2,2921,2922,596,1.51862110324668,shirt
1597,2,2981,2982,597,1.51862110324668,shirt
1598,2,3041,3042,598,1.51862110324668,shirt
1599,2,3101,3102,599,1.51862110324668,shirt
1600,2,3155,3156,600,1.51862110324668,shirt
1601,2,3221,3222,601,1.51862110324668,shirt
1602,2,3281,3282,602,1.51862110324668,shirt
1603,2,3317,3318,603,1.51862110324668,shirt
1604,2,3335,3336,604,1.51862110324668,shirt
1605,2,3461,3462,605,1.51862110324668,shirt
1606,2,2545,2546,606,1.4924904238772314,shirt
1607,2,2605,2606,607,1.4924904238772314,shirt
1608,2,2666,2667,608,1.4924904238772314,shirt
1609,2,2800,2801,609,1.4924904238772314,shirt
1610,2,2863,2864,610,1.4924904238772314,shirt
1611,2,2866,2867,611,1.4924904238772314,shirt
1612,2,2905,2906,612,1.4924904238772314,shirt
1613,2,2965,2966,613,1.4924904238772314,shirt
1614,2,3025,3026,614,1.4924904238772314,shirt
1615,2,3086,3087,615,1.4924904238772314,shirt
1616,2,3163,3164,616,1.4924904238772314,shirt
1617,2,3205,3206,617,1.4924904238772314,shirt
1618,2,3266,3267,618,1.4924904238772314,shirt
1619,2,3399,3400,619,1.4924904238772314,shirt
1620,2,3440,3441,620,1.4924904238772314,shirt
1621,2,3445,3446,621,1.4924904238772314,shirt
1622,2,3505,3506,622,1.4924904238772314,shirt
1623,2,2326,2327,623,1.44037662462123,shirt
1624,2,1617,1618,624,1.3895048922821136,shirt
1625,2,2450,2451,625,1.3404909401037053,shirt
1626,2,1627,1628,626,1.3167612591437754,shirt
1627,2,1691,1692,627,1.3167612591437754,shirt
1628,2,1711,1712,628,1.3167612591437754,shirt
1629,2,1757,1758,629,1.3167612591437754,shirt
1630,2,1817,1818,630,1.3167612591437754,shirt
1631,2,1655,1656,631,1.2935643314602547,shirt
1632,2,1670,1671,632,1.2935643314602547,shirt
1633,2,1694,1695,633,1.2935643314602547,shirt
1634,2,1791,1792,634,1.2935643314602547,shirt
1635,2,1819,1820,635,1.2935643314602547,shirt
1636,2,2236,2237,636,1.2935643314602547,shirt
1637,2,2328,2329,637,1.2935643314602547,shirt
1638,2,1650,1651,638,1.2709003832997816,shirt
1639,2,1668,1669,639,1.2709003832997816,shirt
1640,2,1706,1707,640,1.2709003832997816,shirt
1641,2,1724,1725,641,1.2709003832997816,shirt
1642,2,1725,1726,642,1.2709003832997816,shirt
1643,2,1865,1866,643,1.2709003832997816,shirt
1644,2,1963,1964,644,1.2709003832997816,shirt
1645,2,1980,1981,645,1.2709003832997816,shirt
1646,2,2241,2242,646,1.2709003832997816,shirt
1647,2,1489,1490,647,1.2487641179220266,shirt
1648,2,1503,1504,648,1.2487641179220266,shirt
1649,2,1645,1646,649,1.2487641179220266,shirt
1650,2,1701,1702,650,1.2487641179220266,shirt
1651,2,1702,1703,651,1.2487641179220266,shirt
1652,2,1729,1730,652,1.2487641179220266,shirt
1653,2,1753,1754,653,1.2487641179220266,shirt
1654,2,1802,1803,654,1.2487641179220266,shirt
1655,2,1863,1864,655,1.2487641179220266,shirt
1656,2,2229,2230,656,1.2487641179220266,shirt
1657,2,2369,2370,657,1.2487641179220266,shirt
1658,2,1685,1686,658,1.2271464161098622,shirt
1659,2,1700,1701,659,1.2271464161098622,shirt
1660,2,1761,1762,660,1.2271464161098622,shirt
1661,2,1831,1832,661,1.2271464161098622,shirt
1662,2,1947,1948,662,1.2271464161098622,shirt
1663,2,2042,2043,663,1.2271464161098622,shirt
1664,2,1597,1598,664,1.2060355649269188,shirt
1665,2,1666,1667,665,1.2060355649269188,shirt
1666,2,1709,1710,666,1.2060355649269188,shirt
1667,2,1747,1748,667,1.2060355649269188,shirt
1668,2,1903,1904,668,1.2060355649269188,shirt
1669,2,1922,1923,669,1.2060355649269188,shirt
1670,2,2004,2005,670,1.2060355649269188,shirt
1671,2,2033,2034,671,1.2060355649269188,shirt
1672,2,2479,2480,672,1.2060355649269188,shirt
1673,2,2424,2425,673,1.185418149047019,shirt
1674,2,1699,1700,674,1.165279698659102,shirt
